wnba_player,wnba_link,wnba_id,season,wnba_season,league,nba_player1,nba_season,distance,league2,pred_class,nba_player2,distance2,nba_player3,distance3,nba_player4,distance4,nba_player5,distance5,nba_link1,nba_id1,nba_link2,nba_id2,nba_link3,nba_id3,nba_link4,nba_id4,nba_link5,nba_id5
Natalie Achonwa,/wnba/players/a/achonna01w.html,achonna01w,2021,2021,WNBA,Trendon Watford,2022,0.13405349698599603,NBA,6,Jalen Smith,0.13995985780270548,P.J. Washington,0.18659100840473264,Killian Tillie,0.19531288543677597,James Johnson,0.23294129428885182,/players/w/watfotr01.html,watfotr01,/players/s/smithja04.html,smithja04,/players/w/washipj01.html,washipj01,/players/t/tilliki02.html,tilliki02,/players/j/johnsja01.html,johnsja01
Bella Alarie,/wnba/players/a/alaribe01w.html,alaribe01w,2021,2021,WNBA,Rudy Gobert,2022,1.7538255095368335e-5,NBA,1,Andre Drummond,2.4559275473954513e-5,Mason Plumlee,2.660060748275194e-5,Hassan Whiteside,2.7279113275188587e-5,DeAndre Jordan,2.798867228053209e-5,/players/g/goberru01.html,goberru01,/players/d/drumman01.html,drumman01,/players/p/plumlma01.html,plumlma01,/players/w/whiteha01.html,whiteha01,/players/j/jordade01.html,jordade01
Lindsay Allen,/wnba/players/a/allenli01w.html,allenli01w,2021,2021,WNBA,Cory Joseph,2022,0.0048632582672564085,NBA,3,Kyle Lowry,0.0048642054825497,Xavier Moon,0.01084618549991334,Tyrese Haliburton,0.014512557922938821,Marcus Smart,0.016347038833811618,/players/j/josepco01.html,josepco01,/players/l/lowryky01.html,lowryky01,/players/m/moonxa01.html,moonxa01,/players/h/halibty01.html,halibty01,/players/s/smartma01.html,smartma01
Rebecca Allen,/wnba/players/a/allenre01w.html,allenre01w,2021,2021,WNBA,Matisse Thybulle,2022,7.750017794666626e-4,NBA,4,Robert Covington,9.381000771017913e-4,Gary Payton II,0.00840026145585047,Mike Muscala,0.009886397243246588,Zach Collins,0.011248738077665707,/players/t/thybuma01.html,thybuma01,/players/c/covinro01.html,covinro01,/players/p/paytoga02.html,paytoga02,/players/m/muscami01.html,muscami01,/players/c/colliza01.html,colliza01
Ariel Atkins,/wnba/players/a/atkinar01w.html,atkinar01w,2021,2021,WNBA,Cameron Payne,2022,0.10008475831525142,NBA,3,Jrue Holiday,0.10238323392824819,Shake Milton,0.15848321473490617,Mike Conley,0.15926895010122,Derrick Rose,0.16127462427074227,/players/p/payneca01.html,payneca01,/players/h/holidjr01.html,holidjr01,/players/m/miltosh01.html,miltosh01,/players/c/conlemi01.html,conlemi01,/players/r/rosede01.html,rosede01
Rachel Banham,/wnba/players/b/banhara01w.html,banhara01w,2021,2021,WNBA,Isaiah Thomas,2022,0.06069624915477168,NBA,7,Anfernee Simons,0.0701294337223719,Desmond Bane,0.07358987909792464,Bojan Bogdanović,0.08520734799027951,Brandon Williams,0.08807881399420653,/players/t/thomais02.html,thomais02,/players/s/simonan01.html,simonan01,/players/b/banede01.html,banede01,/players/b/bogdabo02.html,bogdabo02,/players/w/willibr03.html,willibr03
Monique Billings,/wnba/players/b/billimo01w.html,billimo01w,2021,2021,WNBA,Drew Eubanks,2022,0.06702297370637092,NBA,1,Mamadi Diakite,0.19969186063584565,Damian Jones,0.2338813727083415,Richaun Holmes,0.24832598485714086,Evan Mobley,0.2676254613606557,/players/e/eubandr01.html,eubandr01,/players/d/diakima01.html,diakima01,/players/j/jonesda03.html,jonesda03,/players/h/holmeri01.html,holmeri01,/players/m/mobleev01.html,mobleev01
Sue Bird,/wnba/players/b/birdsu01w.html,birdsu01w,2021,2021,WNBA,Raul Neto,2022,0.00907828602807282,NBA,3,D.J. Augustin,0.011849647760840774,Tre Jones,0.013432458139989037,Rajon Rondo,0.013845881452834956,Garrison Mathews,0.015402850712826243,/players/n/netora01.html,netora01,/players/a/augusdj01.html,augusdj01,/players/j/jonestr01.html,jonestr01,/players/r/rondora01.html,rondora01,/players/m/mathega01.html,mathega01
DeWanna Bonner,/wnba/players/b/bonnede01w.html,bonnede01w,2021,2021,WNBA,DeMarcus Cousins,2022,0.15006436716209862,NBA,5,Moritz Wagner,0.18583209854312188,Kevin Love,0.1968452272071463,Brook Lopez,0.23301407119496215,Pascal Siakam,0.2588235853393594,/players/c/couside01.html,couside01,/players/w/wagnemo01.html,wagnemo01,/players/l/loveke01.html,loveke01,/players/l/lopezbr01.html,lopezbr01,/players/s/siakapa01.html,siakapa01
Crystal Bradford,/wnba/players/b/bradfcr01w.html,bradfcr01w,2021,2021,WNBA,Jae Crowder,2022,0.10681379434840103,NBA,4,Chuma Okeke,0.11400178149512592,Jae'Sean Tate,0.11426819595013017,Josh Hart,0.13718163667441735,De'Anthony Melton,0.14571846044582612,/players/c/crowdja01.html,crowdja01,/players/o/okekech01.html,okekech01,/players/t/tateja01.html,tateja01,/players/h/hartjo01.html,hartjo01,/players/m/meltode01.html,meltode01
Jessica Breland,/wnba/players/b/brelaje01w.html,brelaje01w,2021,2021,WNBA,Moritz Wagner,2022,0.15903789920898703,NBA,5,DeMarcus Cousins,0.2102733920806006,Kevin Love,0.2638273994984534,Brook Lopez,0.3042374374058863,Jaren Jackson Jr.,0.33346734255473304,/players/w/wagnemo01.html,wagnemo01,/players/c/couside01.html,couside01,/players/l/loveke01.html,loveke01,/players/l/lopezbr01.html,lopezbr01,/players/j/jacksja02.html,jacksja02
Liz Cambage,/wnba/players/c/cambael01w.html,cambael01w,2021,2021,WNBA,Bam Adebayo,2022,0.4755221610315166,NBA,1,Evan Mobley,0.5094004398590078,Mamadi Diakite,0.5732978687359879,Richaun Holmes,0.5785189635370714,Isaiah Stewart,0.5813779302553871,/players/a/adebaba01.html,adebaba01,/players/m/mobleev01.html,mobleev01,/players/d/diakima01.html,diakima01,/players/h/holmeri01.html,holmeri01,/players/s/stewais01.html,stewais01
Jordin Canada,/wnba/players/c/canadjo01w.html,canadjo01w,2021,2021,WNBA,Goran Dragić,2022,0.019907999996738743,NBA,3,Tyus Jones,0.02289416137565462,Tyrese Haliburton,0.02760626943602059,Xavier Moon,0.03101653348548044,Kyle Lowry,0.033349646371785197,/players/d/dragigo01.html,dragigo01,/players/j/jonesty01.html,jonesty01,/players/h/halibty01.html,halibty01,/players/m/moonxa01.html,moonxa01,/players/l/lowryky01.html,lowryky01
Bridget Carleton,/wnba/players/c/carlebr01w.html,carlebr01w,2021,2021,WNBA,Avery Bradley,2022,0.0655702547277066,NBA,2,Amir Coffey,0.14683827169055655,P.J. Tucker,0.1781643316042081,Austin Reaves,0.20748702888197992,Austin Rivers,0.2135138302500014,/players/b/bradlav01.html,bradlav01,/players/c/coffeam01.html,coffeam01,/players/t/tuckepj01.html,tuckepj01,/players/r/reaveau01.html,reaveau01,/players/r/riverau01.html,riverau01
Chennedy Carter,/wnba/players/c/cartech01w.html,cartech01w,2021,2021,WNBA,De'Aaron Fox,2022,0.002123678285575799,NBA,7,Ja Morant,0.002350021296505087,Lance Stephenson,0.004262835366624909,Stephen Curry,0.004335798897914123,Jaylen Brown,0.004531230478974478,/players/f/foxde01.html,foxde01,/players/m/moranja01.html,moranja01,/players/s/stephla01.html,stephla01,/players/c/curryst01.html,curryst01,/players/b/brownja02.html,brownja02
Kaila Charles,/wnba/players/c/charlka01w.html,charlka01w,2021,2021,WNBA,Daniel Theis,2022,0.0016422510421232324,NBA,6,Taj Gibson,0.0033200448793436472,Josh Jackson,0.004722589347361548,John Collins,0.005349642494861608,Jaden McDaniels,0.006096047381121399,/players/t/theisda01.html,theisda01,/players/g/gibsota01.html,gibsota01,/players/j/jacksjo02.html,jacksjo02,/players/c/collijo01.html,collijo01,/players/m/mcdanja02.html,mcdanja02
Tina Charles,/wnba/players/c/charlti01w.html,charlti01w,2021,2021,WNBA,Bobby Portis,2022,0.05667242666941233,NBA,6,Reggie Perry,0.08465441099125033,Scottie Barnes,0.11317109257908638,Jeff Green,0.13385258349725268,Jeremy Lamb,0.13750205046344932,/players/p/portibo01.html,portibo01,/players/p/perryre01.html,perryre01,/players/b/barnesc01.html,barnesc01,/players/g/greenje02.html,greenje02,/players/l/lambje01.html,lambje01
Natasha Cloud,/wnba/players/c/cloudna01w.html,cloudna01w,2021,2021,WNBA,Rajon Rondo,2022,0.010831441553627998,NBA,3,Raul Neto,0.01133273061279999,D.J. Augustin,0.013060610442250957,Tre Jones,0.013962340522919925,Garrison Mathews,0.01664666784312688,/players/r/rondora01.html,rondora01,/players/n/netora01.html,netora01,/players/a/augusdj01.html,augusdj01,/players/j/jonestr01.html,jonestr01,/players/m/mathega01.html,mathega01
Nia Coffey,/wnba/players/c/coffeni01w.html,coffeni01w,2021,2021,WNBA,Maxi Kleber,2022,0.01845059355524018,NBA,4,Mo Bamba,0.03757451801080116,Xavier Tillman Sr.,0.0471257823387382,Wendell Carter Jr.,0.06873108675631816,Chuma Okeke,0.0762010893498611,/players/k/klebima01.html,klebima01,/players/b/bambamo01.html,bambamo01,/players/t/tillmxa01.html,tillmxa01,/players/c/cartewe01.html,cartewe01,/players/o/okekech01.html,okekech01
Charli Collier,/wnba/players/c/collich01w.html,collich01w,2021,2021,WNBA,Ivica Zubac,2022,0.013217310351911628,NBA,1,Day'Ron Sharpe,0.017755388435465376,Bismack Biyombo,0.020864384506608595,Jarrett Allen,0.03138593263667335,Montrezl Harrell,0.03192231084609604,/players/z/zubaciv01.html,zubaciv01,/players/s/sharpda01.html,sharpda01,/players/b/biyombi01.html,biyombi01,/players/a/allenja01.html,allenja01,/players/h/harremo01.html,harremo01
Napheesa Collier,/wnba/players/c/collina01w.html,collina01w,2021,2021,WNBA,Christian Wood,2022,0.08793167624682872,NBA,6,Kyle Kuzma,0.2631180913915223,Miles Bridges,0.31133590188248345,Jonas Valančiūnas,0.31309893808301975,Jalen Smith,0.3545119913975394,/players/w/woodch01.html,woodch01,/players/k/kuzmaky01.html,kuzmaky01,/players/b/bridgmi02.html,bridgmi02,/players/v/valanjo01.html,valanjo01,/players/s/smithja04.html,smithja04
Te'a Cooper,/wnba/players/c/coopete01w.html,coopete01w,2021,2021,WNBA,Tre Mann,2022,0.24565628850729448,NBA,3,OG Anunoby,0.2866053415329482,Tim Hardaway Jr.,0.31384297015258333,Jaylen Nowell,0.31657087059016703,Kira Lewis Jr.,0.3241365231817799,/players/m/manntr01.html,manntr01,/players/a/anunoog01.html,anunoog01,/players/h/hardati02.html,hardati02,/players/n/nowelja01.html,nowelja01,/players/l/lewiski01.html,lewiski01
Kahleah Copper,/wnba/players/c/coppeka01w.html,coppeka01w,2021,2021,WNBA,Oshae Brissett,2022,0.022902617544607155,NBA,6,Danuel House Jr.,0.04333024658692069,Rudy Gay,0.08294473972471862,Torrey Craig,0.10551607928641124,Aaron Wiggins,0.11225319689392714,/players/b/brissos01.html,brissos01,/players/h/houseda01.html,houseda01,/players/g/gayru01.html,gayru01,/players/c/craigto01.html,craigto01,/players/w/wiggiaa01.html,wiggiaa01
Sophie Cunningham,/wnba/players/c/cunniso01w.html,cunniso01w,2021,2021,WNBA,Patrick Williams,2022,0.05027176120843752,NBA,2,Dorian Finney-Smith,0.05063475128476249,Lauri Markkanen,0.0668418729773562,PJ Dozier,0.07012581790571197,Jeremiah Robinson-Earl,0.08472943342500923,/players/w/willipa01.html,willipa01,/players/f/finnedo01.html,finnedo01,/players/m/markkla01.html,markkla01,/players/d/doziepj01.html,doziepj01,/players/r/robinje02.html,robinje02
Crystal Dangerfield,/wnba/players/d/dangecr01w.html,dangecr01w,2021,2021,WNBA,Eric Bledsoe,2022,0.035548164507348046,NBA,3,Monte Morris,0.03636790331594597,Keon Johnson,0.07411912249203939,Derrick White,0.08866079565116501,Brad Wanamaker,0.10109297644254073,/players/b/bledser01.html,bledser01,/players/m/morrimo01.html,morrimo01,/players/j/johnske07.html,johnske07,/players/w/whitede01.html,whitede01,/players/w/wanambr01.html,wanambr01
Damiris Dantas,/wnba/players/d/dantada01w.html,dantada01w,2021,2021,WNBA,Mychal Mulder,2022,0.038590976630384896,NBA,2,Frank Jackson,0.044166504276381635,Ignas Brazdeikis,0.04454651440845734,Cameron Johnson,0.04565729389797011,Duane Washington Jr.,0.045853755470002235,/players/m/muldemy01.html,muldemy01,/players/j/jacksfr01.html,jacksfr01,/players/b/brazdig01.html,brazdig01,/players/j/johnsca02.html,johnsca02,/players/w/washidu02.html,washidu02
Diamond DeShields,/wnba/players/d/deshidi01w.html,deshidi01w,2021,2021,WNBA,Kelan Martin,2022,0.10891471763615491,NBA,7,Brandon Boston Jr.,0.13055252107447382,Tre Mann,0.20813206624129202,Tim Hardaway Jr.,0.2319564082866261,Collin Sexton,0.2372985584367798,/players/m/martike03.html,martike03,/players/b/bostobr01.html,bostobr01,/players/m/manntr01.html,manntr01,/players/h/hardati02.html,hardati02,/players/s/sextoco01.html,sextoco01
Blake Dietrick,/wnba/players/d/dietrbl01w.html,dietrbl01w,2021,2021,WNBA,Garrett Temple,2022,0.13143772699603523,NBA,6,Alfonzo McKinnie,0.20486347987949347,Rudy Gay,0.224551632286111,Stanley Johnson,0.23079704354986172,Aaron Wiggins,0.2510310183403102,/players/t/templga01.html,templga01,/players/m/mckinal01.html,mckinal01,/players/g/gayru01.html,gayru01,/players/j/johnsst04.html,johnsst04,/players/w/wiggiaa01.html,wiggiaa01
Skylar Diggins-Smith,/wnba/players/d/diggisk01w.html,diggisk01w,2021,2021,WNBA,Jayson Tatum,2022,0.029954827093220216,NBA,5,Shai Gilgeous-Alexander,0.06390206746601793,Russell Westbrook,0.11192423007721328,Pascal Siakam,0.15210705434985008,Moritz Wagner,0.3721557060561182,/players/t/tatumja01.html,tatumja01,/players/g/gilgesh01.html,gilgesh01,/players/w/westbru01.html,westbru01,/players/s/siakapa01.html,siakapa01,/players/w/wagnemo01.html,wagnemo01
Stefanie Dolson,/wnba/players/d/dolsost01w.html,dolsost01w,2021,2021,WNBA,Serge Ibaka,2022,0.002727084475271509,NBA,6,Maurice Harkless,0.0056180812181055246,David Nwaba,0.006898278104130755,Kessler Edwards,0.0070953755961404245,Caleb Martin,0.00798128002777067,/players/i/ibakase01.html,ibakase01,/players/h/harklma01.html,harklma01,/players/n/nwabada01.html,nwabada01,/players/e/edwarke02.html,edwarke02,/players/m/martica02.html,martica02
Sylvia Fowles,/wnba/players/f/fowlesy01w.html,fowlesy01w,2021,2021,WNBA,Isaiah Jackson,2022,0.012872975809733614,NBA,1,Greg Monroe,0.013446436597648959,Jusuf Nurkić,0.01608639221054757,Jakob Poeltl,0.016326282703013298,Brandon Clarke,0.01877679248420482,/players/j/jacksis01.html,jacksis01,/players/m/monrogr01.html,monrogr01,/players/n/nurkiju01.html,nurkiju01,/players/p/poeltja01.html,poeltja01,/players/c/clarkbr01.html,clarkbr01
Allisha Gray,/wnba/players/g/grayal01w.html,grayal01w,2021,2021,WNBA,Maurice Harkless,2022,0.003370960836629992,NBA,6,David Nwaba,0.004638003514268094,Serge Ibaka,0.004956254125382272,Kessler Edwards,0.0050033333370122345,David Duke Jr.,0.009385128840659372,/players/h/harklma01.html,harklma01,/players/n/nwabada01.html,nwabada01,/players/i/ibakase01.html,ibakase01,/players/e/edwarke02.html,edwarke02,/players/d/dukeda01.html,dukeda01
Chelsea Gray,/wnba/players/g/graych01w.html,graych01w,2021,2021,WNBA,Eric Bledsoe,2022,0.01291241159823709,NBA,3,Monte Morris,0.024878177090011548,Keon Johnson,0.056768448765910536,Aaron Holiday,0.07410270050278309,Brad Wanamaker,0.07549266779433353,/players/b/bledser01.html,bledser01,/players/m/morrimo01.html,morrimo01,/players/j/johnske07.html,johnske07,/players/h/holidaa01.html,holidaa01,/players/w/wanambr01.html,wanambr01
Reshanda Gray,/wnba/players/g/grayre01w.html,grayre01w,2021,2021,WNBA,Javonte Green,2022,0.004092847757529361,NBA,6,Wenyen Gabriel,0.004225196921438552,Trey Lyles,0.004482659377723771,Kenyon Martin Jr.,0.004712916582319814,Derrick Jones Jr.,0.005436119145833451,/players/g/greenja02.html,greenja02,/players/g/gabriwe01.html,gabriwe01,/players/l/lylestr01.html,lylestr01,/players/m/martike04.html,martike04,/players/j/jonesde02.html,jonesde02
Brittney Griner,/wnba/players/g/grinebr01w.html,grinebr01w,2021,2021,WNBA,Robin Lopez,2022,0.004780380898778538,NBA,1,Clint Capela,0.004940034135720426,Cody Zeller,0.00496587334275698,Kevon Looney,0.005127193561571992,Onyeka Okongwu,0.00513022699454905,/players/l/lopezro01.html,lopezro01,/players/c/capelca01.html,capelca01,/players/z/zelleco01.html,zelleco01,/players/l/looneke01.html,looneke01,/players/o/okongon01.html,okongon01
Arella Guirantes,/wnba/players/g/guiraar01w.html,guiraar01w,2021,2021,WNBA,Talen Horton-Tucker,2022,0.13881452924618998,NBA,3,Terrence Ross,0.15333605756959162,Derrick White,0.17831735232155863,Keon Johnson,0.18378522752102017,Ayo Dosunmu,0.185771151166495,/players/h/hortota01.html,hortota01,/players/r/rosste01.html,rosste01,/players/w/whitede01.html,whitede01,/players/j/johnske07.html,johnske07,/players/d/dosunay01.html,dosunay01
Dearica Hamby,/wnba/players/h/hambyde01w.html,hambyde01w,2021,2021,WNBA,Olivier Sarr,2022,7.415421262328515e-4,NBA,6,Precious Achiuwa,0.0019073177975444033,Taj Gibson,0.003858509592698741,Marvin Bagley III,0.003918066753409463,Kenyon Martin Jr.,0.004267508460414629,/players/s/sarrol01.html,sarrol01,/players/a/achiupr01.html,achiupr01,/players/g/gibsota01.html,gibsota01,/players/b/baglema01.html,baglema01,/players/m/martike04.html,martike04
Isabelle Harrison,/wnba/players/h/harriis01w.html,harriis01w,2021,2021,WNBA,Drew Eubanks,2022,0.04141654917023868,NBA,1,Mamadi Diakite,0.18220040149187683,Richaun Holmes,0.23056686848204933,Damian Jones,0.24679832182026584,Isaiah Stewart,0.2540062895656526,/players/e/eubandr01.html,eubandr01,/players/d/diakima01.html,diakima01,/players/h/holmeri01.html,holmeri01,/players/j/jonesda03.html,jonesda03,/players/s/stewais01.html,stewais01
Tyasha Harris,/wnba/players/h/harrity01w.html,harrity01w,2021,2021,WNBA,Trent Forrest,2022,0.08022868219538282,NBA,3,Delon Wright,0.1544273726152488,Facundo Campazzo,0.207139476961881,Ayo Dosunmu,0.22931187806013287,Brandon Goodwin,0.23512283453118937,/players/f/forretr01.html,forretr01,/players/w/wrighde01.html,wrighde01,/players/c/campafa01.html,campafa01,/players/d/dosunay01.html,dosunay01,/players/g/goodwbr01.html,goodwbr01
Bernadett Hatar,/wnba/players/h/hatarbe01w.html,hatarbe01w,2021,2021,WNBA,Mamadi Diakite,2022,0.024255754489078726,NBA,1,Richaun Holmes,0.045783001508695485,Isaiah Stewart,0.06601945951369138,Evan Mobley,0.11762891690428705,Dwight Powell,0.1502853815067993,/players/d/diakima01.html,diakima01,/players/h/holmeri01.html,holmeri01,/players/s/stewais01.html,stewais01,/players/m/mobleev01.html,mobleev01,/players/p/poweldw01.html,poweldw01
Tianna Hawkins,/wnba/players/h/hawkiti01w.html,hawkiti01w,2021,2021,WNBA,Herbert Jones,2022,0.027677962912583516,NBA,6,Obi Toppin,0.11157803986417361,Chimezie Metu,0.1129749215139783,Isaiah Roby,0.12093821939246481,Larry Nance Jr.,0.131140203140677,/players/j/joneshe01.html,joneshe01,/players/t/toppiob01.html,toppiob01,/players/m/metuch01.html,metuch01,/players/r/robyis01.html,robyis01,/players/n/nancela02.html,nancela02
Tiffany Hayes,/wnba/players/h/hayesti01w.html,hayesti01w,2021,2021,WNBA,D.J. Augustin,2022,0.0127836462112267,NBA,3,Garrison Mathews,0.01327696483214648,Raul Neto,0.013387442452371843,Tre Jones,0.013416157016249925,Rajon Rondo,0.014176314146509687,/players/a/augusdj01.html,augusdj01,/players/m/mathega01.html,mathega01,/players/n/netora01.html,netora01,/players/j/jonestr01.html,jonestr01,/players/r/rondora01.html,rondora01
Ruthy Hebard,/wnba/players/h/hebarru01w.html,hebarru01w,2021,2021,WNBA,Damian Jones,2022,0.03176906974319902,NBA,6,Derrick Favors,0.22396370225090634,Alex Len,0.22857837192961433,Drew Eubanks,0.2570986808330252,Khem Birch,0.3132005913934516,/players/j/jonesda03.html,jonesda03,/players/f/favorde01.html,favorde01,/players/l/lenal01.html,lenal01,/players/e/eubandr01.html,eubandr01,/players/b/birchkh01.html,birchkh01
Natisha Hiedeman,/wnba/players/h/hiedena01w.html,hiedena01w,2021,2021,WNBA,Devonte' Graham,2022,0.07834861615807522,NBA,7,Ty Jerome,0.10991403399218924,Lonnie Walker IV,0.13135630746034913,Anthony Edwards,0.1321315954233837,Théo Maledon,0.14360465211659354,/players/g/grahade01.html,grahade01,/players/j/jeromty01.html,jeromty01,/players/w/walkelo01.html,walkelo01,/players/e/edwaran01.html,edwaran01,/players/m/maledth01.html,maledth01
Myisha Hines-Allen,/wnba/players/h/hinesmy01w.html,hinesmy01w,2021,2021,WNBA,DeMarcus Cousins,2022,0.13796790223648556,NBA,5,Kevin Love,0.14531606881784365,Brook Lopez,0.15924543299705782,Nikola Vučević,0.16982043420251774,Jerami Grant,0.17675568645393971,/players/c/couside01.html,couside01,/players/l/loveke01.html,loveke01,/players/l/lopezbr01.html,lopezbr01,/players/v/vucevni01.html,vucevni01,/players/g/grantje01.html,grantje01
Natasha Howard,/wnba/players/h/howarna01w.html,howarna01w,2021,2021,WNBA,Danilo Gallinari,2022,0.0491290455281669,NBA,6,Luka Garza,0.04989547192432737,Jeremy Lamb,0.050214471076635146,Lamar Stevens,0.05042955831686587,Jalen McDaniels,0.05064054033948213,/players/g/gallida01.html,gallida01,/players/g/garzalu01.html,garzalu01,/players/l/lambje01.html,lambje01,/players/s/stevela01.html,stevela01,/players/m/mcdanja01.html,mcdanja01
Sabrina Ionescu,/wnba/players/i/ionessa01w.html,ionessa01w,2021,2021,WNBA,De'Anthony Melton,2022,0.0646910859146916,NBA,4,Jose Alvarado,0.19172356049464587,Josh Hart,0.19498745828039782,Chuma Okeke,0.21166505289884366,Jae Crowder,0.21870320290318124,/players/m/meltode01.html,meltode01,/players/a/alvarjo01.html,alvarjo01,/players/h/hartjo01.html,hartjo01,/players/o/okekech01.html,okekech01,/players/c/crowdja01.html,crowdja01
Briann January,/wnba/players/j/januabr01w.html,januabr01w,2021,2021,WNBA,Seth Curry,2022,0.020613666430007067,NBA,3,Malachi Flynn,0.07845636907817913,Josh Christopher,0.0848922477076259,Talen Horton-Tucker,0.11139639499803473,George Hill,0.14487135901027828,/players/c/curryse01.html,curryse01,/players/f/flynnma01.html,flynnma01,/players/c/chrisjo01.html,chrisjo01,/players/h/hortota01.html,hortota01,/players/h/hillge01.html,hillge01
Moriah Jefferson,/wnba/players/j/jeffemo01w.html,jeffemo01w,2021,2021,WNBA,Goran Dragić,2022,0.008155332522543815,NBA,3,Tyus Jones,0.012965897924628596,Aaron Holiday,0.020272694063757885,Tyrese Haliburton,0.03182845731239066,Xavier Moon,0.0356606883522216,/players/d/dragigo01.html,dragigo01,/players/j/jonesty01.html,jonesty01,/players/h/holidaa01.html,holidaa01,/players/h/halibty01.html,halibty01,/players/m/moonxa01.html,moonxa01
Brionna Jones,/wnba/players/j/jonesbr01w.html,jonesbr01w,2021,2021,WNBA,DeAndre' Bembry,2022,0.056879152896883965,NBA,6,Jaxson Hayes,0.07663122057367018,Khem Birch,0.1456625356229418,Dewayne Dedmon,0.1690789059911405,Scottie Barnes,0.17722405347292092,/players/b/bembrde01.html,bembrde01,/players/h/hayesja02.html,hayesja02,/players/b/birchkh01.html,birchkh01,/players/d/dedmode01.html,dedmode01,/players/b/barnesc01.html,barnesc01
Jazmine Jones,/wnba/players/j/jonesja02w.html,jonesja02w,2021,2021,WNBA,Jeff Green,2022,0.03242439855630765,NBA,6,Jeremy Lamb,0.033263874812979106,Danilo Gallinari,0.0405972324778598,Jalen McDaniels,0.042537267482184914,Lamar Stevens,0.04427525551150506,/players/g/greenje02.html,greenje02,/players/l/lambje01.html,lambje01,/players/g/gallida01.html,gallida01,/players/m/mcdanja01.html,mcdanja01,/players/s/stevela01.html,stevela01
Jonquel Jones,/wnba/players/j/jonesjo01w.html,jonesjo01w,2021,2021,WNBA,Brook Lopez,2022,0.005072125981251527,NBA,5,Jaren Jackson Jr.,0.03312171568577333,Kevin Love,0.03652037881231965,Jerami Grant,0.07385299276565263,Karl-Anthony Towns,0.07390659843299818,/players/l/lopezbr01.html,lopezbr01,/players/j/jacksja02.html,jacksja02,/players/l/loveke01.html,loveke01,/players/g/grantje01.html,grantje01,/players/t/townska01.html,townska01
Betnijah Laney,/wnba/players/l/laneybe01w.html,laneybe01w,2021,2021,WNBA,Lou Williams,2022,0.01580961092669329,NBA,7,Caris LeVert,0.017247000390082725,Immanuel Quickley,0.019295630266276374,Ricky Rubio,0.02543984081997033,Spencer Dinwiddie,0.026375963482342828,/players/w/willilo02.html,willilo02,/players/l/leverca01.html,leverca01,/players/q/quickim01.html,quickim01,/players/r/rubiori01.html,rubiori01,/players/d/dinwisp01.html,dinwisp01
Jantel Lavender,/wnba/players/l/lavenja01w.html,lavenja01w,2021,2021,WNBA,Brook Lopez,2022,0.13323874425948132,NBA,5,Nikola Vučević,0.13668911175757073,Jaren Jackson Jr.,0.13694073814120178,Jerami Grant,0.13828221707251537,LeBron James,0.13966969963274112,/players/l/lopezbr01.html,lopezbr01,/players/v/vucevni01.html,vucevni01,/players/j/jacksja02.html,jacksja02,/players/g/grantje01.html,grantje01,/players/j/jamesle01.html,jamesle01
Jewell Loyd,/wnba/players/l/loydje01w.html,loydje01w,2021,2021,WNBA,Donovan Mitchell,2022,6.387391980283185e-4,NBA,7,Dillon Brooks,7.226829897086023e-4,Paul George,8.730413584619797e-4,Khris Middleton,0.0013528824472188276,Chris Paul,0.0020628112069444116,/players/m/mitchdo01.html,mitchdo01,/players/b/brookdi01.html,brookdi01,/players/g/georgpa01.html,georgpa01,/players/m/middlkh01.html,middlkh01,/players/p/paulch01.html,paulch01
Marina Mabrey,/wnba/players/m/mabrema01w.html,mabrema01w,2021,2021,WNBA,Lance Stephenson,2022,0.0024984130194433546,NBA,7,Jaylen Brown,0.002530382127322376,Stephen Curry,0.0026628771298075143,Kyrie Irving,0.0027733030373027928,Devin Booker,0.0028726438833770237,/players/s/stephla01.html,stephla01,/players/b/brownja02.html,brownja02,/players/c/curryst01.html,curryst01,/players/i/irvinky01.html,irvinky01,/players/b/bookede01.html,bookede01
Ezi Magbegor,/wnba/players/m/magbeez01w.html,magbeez01w,2021,2021,WNBA,Evan Mobley,2022,0.4223448632699894,NBA,1,Bam Adebayo,0.49002693485639065,Miles Bridges,0.5128532754901551,Mamadi Diakite,0.5258594398613716,Drew Eubanks,0.5317654748143398,/players/m/mobleev01.html,mobleev01,/players/a/adebaba01.html,adebaba01,/players/b/bridgmi02.html,bridgmi02,/players/d/diakima01.html,diakima01,/players/e/eubandr01.html,eubandr01
Kayla McBride,/wnba/players/m/mcbrika01w.html,mcbrika01w,2021,2021,WNBA,Kentavious Caldwell-Pope,2022,0.18543436440072494,NBA,3,Josh Richardson,0.20655615481162776,Georgios Kalaitzakis,0.2384976531878784,Cam Reddish,0.27491431563106106,Bryn Forbes,0.28776329455546745,/players/c/caldwke01.html,caldwke01,/players/r/richajo01.html,richajo01,/players/k/kalaige01.html,kalaige01,/players/r/reddica01.html,reddica01,/players/f/forbebr01.html,forbebr01
Erica McCall,/wnba/players/m/mccaler01w.html,mccaler01w,2021,2021,WNBA,Dwight Powell,2022,0.01214184721894821,NBA,1,Tristan Thompson,0.05382391555291163,Jarrett Allen,0.06047915090153806,Isaiah Stewart,0.10002240461764847,Ivica Zubac,0.10496233264839039,/players/p/poweldw01.html,poweldw01,/players/t/thomptr01.html,thomptr01,/players/a/allenja01.html,allenja01,/players/s/stewais01.html,stewais01,/players/z/zubaciv01.html,zubaciv01
Teaira McCowan,/wnba/players/m/mccowte01w.html,mccowte01w,2021,2021,WNBA,Clint Capela,2022,2.26552769743354e-4,NBA,1,Onyeka Okongwu,9.242541491750572e-4,Cody Zeller,0.0010595757867588446,Daniel Gafford,0.0012968454638328955,Jarred Vanderbilt,0.0016670458308864424,/players/c/capelca01.html,capelca01,/players/o/okongon01.html,okongon01,/players/z/zelleco01.html,zelleco01,/players/g/gaffoda01.html,gaffoda01,/players/v/vandeja01.html,vandeja01
Aari McDonald,/wnba/players/m/mcdonaa01w.html,mcdonaa01w,2021,2021,WNBA,Kemba Walker,2022,0.005808011476642636,NBA,3,Tyrese Maxey,0.031209033287355,Jalen Suggs,0.0563435298529696,Mike Conley,0.05949474721936306,Jaylen Nowell,0.08539421895288743,/players/w/walkeke02.html,walkeke02,/players/m/maxeyty01.html,maxeyty01,/players/s/suggsja01.html,suggsja01,/players/c/conlemi01.html,conlemi01,/players/n/nowelja01.html,nowelja01
Kelsey Mitchell,/wnba/players/m/mitchke01w.html,mitchke01w,2021,2021,WNBA,Anfernee Simons,2022,0.040675363103933285,NBA,7,Fred VanVleet,0.06618683984637387,Brandon Williams,0.06914049349590297,Desmond Bane,0.07012074765027126,Bones Hyland,0.0745777009596747,/players/s/simonan01.html,simonan01,/players/v/vanvlfr01.html,vanvlfr01,/players/w/willibr03.html,willibr03,/players/b/banede01.html,banede01,/players/h/hylanbo01.html,hylanbo01
Leilani Mitchell,/wnba/players/m/mitchle01w.html,mitchle01w,2021,2021,WNBA,Saben Lee,2022,0.020009031945617307,NBA,3,Dennis Smith Jr.,0.033007108041061925,Tomáš Satoranský,0.03838334862801632,Killian Hayes,0.06273467251459636,Alex Caruso,0.06709491796440221,/players/l/leesa01.html,leesa01,/players/s/smithde03.html,smithde03,/players/s/satorto01.html,satorto01,/players/h/hayeski01.html,hayeski01,/players/c/carusal01.html,carusal01
Tiffany Mitchell,/wnba/players/m/mitchti01w.html,mitchti01w,2021,2021,WNBA,Brandon Boston Jr.,2022,0.05433643425199298,NBA,6,Collin Sexton,0.16397681288424096,Kelan Martin,0.16898152765937352,Chris Duarte,0.25183344941601066,Harrison Barnes,0.25307792892898523,/players/b/bostobr01.html,bostobr01,/players/s/sextoco01.html,sextoco01,/players/m/martike03.html,martike03,/players/d/duartch01.html,duartch01,/players/b/barneha02.html,barneha02
Astou Ndour,/wnba/players/n/ndouras01w.html,ndouras01w,2021,2021,WNBA,Jalen Smith,2022,0.13038269200727778,NBA,6,P.J. Washington,0.16489096072462808,Killian Tillie,0.17455974330870053,Trendon Watford,0.20294212306845869,James Johnson,0.21492755263704505,/players/s/smithja04.html,smithja04,/players/w/washipj01.html,washipj01,/players/t/tilliki02.html,tilliki02,/players/w/watfotr01.html,watfotr01,/players/j/johnsja01.html,johnsja01
Kia Nurse,/wnba/players/n/nurseki01w.html,nurseki01w,2021,2021,WNBA,Kelly Oubre Jr.,2022,0.032126078816019886,NBA,2,Terence Davis,0.047709359978432155,Bogdan Bogdanović,0.12449741625848805,Will Barton,0.153767556648735,Malik Monk,0.22957459946181513,/players/o/oubreke01.html,oubreke01,/players/d/daviste02.html,daviste02,/players/b/bogdabo01.html,bogdabo01,/players/b/bartowi01.html,bartowi01,/players/m/monkma01.html,monkma01
Leaonna Odom,/wnba/players/o/odomle01w.html,odomle01w,2021,2021,WNBA,Isaac Okoro,2022,6.147920819468039e-4,NBA,6,Derrick Jones Jr.,7.536312239857626e-4,Wenyen Gabriel,0.002804148924247453,Javonte Green,0.0062755327231319375,Trey Lyles,0.007501100724235584,/players/o/okorois01.html,okorois01,/players/j/jonesde02.html,jonesde02,/players/g/gabriwe01.html,gabriwe01,/players/g/greenja02.html,greenja02,/players/l/lylestr01.html,lylestr01
Arike Ogunbowale,/wnba/players/o/ogunbar01w.html,ogunbar01w,2021,2021,WNBA,Chris Paul,2022,8.934979384435895e-4,NBA,7,Khris Middleton,0.0025675067528148996,Donovan Mitchell,0.0032041494109391025,Dillon Brooks,0.003275135341032686,Devin Booker,0.0032995741551040793,/players/p/paulch01.html,paulch01,/players/m/middlkh01.html,middlkh01,/players/m/mitchdo01.html,mitchdo01,/players/b/brookdi01.html,brookdi01,/players/b/bookede01.html,bookede01
Chiney Ogwumike,/wnba/players/o/ogwumch01w.html,ogwumch01w,2021,2021,WNBA,Jeremy Lamb,2022,0.0753864867629358,NBA,6,Dewayne Dedmon,0.07818175892853269,Danilo Gallinari,0.07998094529183374,Caleb Martin,0.0816625612329185,David Duke Jr.,0.08179341473250057,/players/l/lambje01.html,lambje01,/players/d/dedmode01.html,dedmode01,/players/g/gallida01.html,gallida01,/players/m/martica02.html,martica02,/players/d/dukeda01.html,dukeda01
Nneka Ogwumike,/wnba/players/o/ogwumnn01w.html,ogwumnn01w,2021,2021,WNBA,RJ Barrett,2022,0.009424170126761685,NBA,7,Jalen Brunson,0.013608808087190121,De'Aaron Fox,0.014326032228379445,Kyrie Irving,0.014721107862453507,Zach LaVine,0.014775977683584983,/players/b/barrerj01.html,barrerj01,/players/b/brunsja01.html,brunsja01,/players/f/foxde01.html,foxde01,/players/i/irvinky01.html,irvinky01,/players/l/lavinza01.html,lavinza01
Michaela Onyenwere,/wnba/players/o/onyenmi01w.html,onyenmi01w,2021,2021,WNBA,Kelly Oubre Jr.,2022,0.08596023410552789,NBA,2,Terence Davis,0.09753757855120698,Will Barton,0.16300626921666383,Bogdan Bogdanović,0.16411109325554515,Nickeil Alexander-Walker,0.21705554473885172,/players/o/oubreke01.html,oubreke01,/players/d/daviste02.html,daviste02,/players/b/bartowi01.html,bartowi01,/players/b/bogdabo01.html,bogdabo01,/players/a/alexani01.html,alexani01
Candace Parker,/wnba/players/p/parkeca01w.html,parkeca01w,2021,2021,WNBA,Aleksej Pokusevski,2022,0.21403887843903946,NBA,4,Wendell Carter Jr.,0.35967041820761875,Jae'Sean Tate,0.3706196147628311,Chris Boucher,0.3711989825132321,Jae Crowder,0.37753150731726265,/players/p/pokusal01.html,pokusal01,/players/c/cartewe01.html,cartewe01,/players/t/tateja01.html,tateja01,/players/b/bouchch01.html,bouchch01,/players/c/crowdja01.html,crowdja01
Cheyenne Parker,/wnba/players/p/parkech01w.html,parkech01w,2021,2021,WNBA,Wendell Carter Jr.,2022,0.05809286191814976,NBA,4,Maxi Kleber,0.06386998994268529,Mo Bamba,0.07211961536030101,Xavier Tillman Sr.,0.079179328563756,Chuma Okeke,0.08181021065104474,/players/c/cartewe01.html,cartewe01,/players/k/klebima01.html,klebima01,/players/b/bambamo01.html,bambamo01,/players/t/tillmxa01.html,tillmxa01,/players/o/okekech01.html,okekech01
Shey Peddy,/wnba/players/p/peddysh01w.html,peddysh01w,2021,2021,WNBA,Brandon Goodwin,2022,0.044058995515347366,NBA,3,Derrick White,0.055195272642330366,Brad Wanamaker,0.059776973921489715,Alex Caruso,0.07463557888471972,Dennis Smith Jr.,0.08486408381262435,/players/g/goodwbr01.html,goodwbr01,/players/w/whitede01.html,whitede01,/players/w/wanambr01.html,wanambr01,/players/c/carusal01.html,carusal01,/players/s/smithde03.html,smithde03
Theresa Plaisance,/wnba/players/p/plaisth01w.html,plaisth01w,2021,2021,WNBA,Zach Collins,2022,3.169511421685738e-4,NBA,4,Kyle Anderson,0.004495570440461966,Mike Muscala,0.008727270870218382,Matisse Thybulle,0.012001352798585581,Robert Covington,0.01216445096871484,/players/c/colliza01.html,colliza01,/players/a/anderky01.html,anderky01,/players/m/muscami01.html,muscami01,/players/t/thybuma01.html,thybuma01,/players/c/covinro01.html,covinro01
Kelsey Plum,/wnba/players/p/plumke01w.html,plumke01w,2021,2021,WNBA,Fred VanVleet,2022,0.005181343152947812,NBA,7,Anfernee Simons,0.029275173772760964,Brandon Williams,0.04401198443285079,Bones Hyland,0.056276325020186466,Jordan Poole,0.07206041838979695,/players/v/vanvlfr01.html,vanvlfr01,/players/s/simonan01.html,simonan01,/players/w/willibr03.html,willibr03,/players/h/hylanbo01.html,hylanbo01,/players/p/poolejo01.html,poolejo01
Aerial Powers,/wnba/players/p/powerae01w.html,powerae01w,2021,2021,WNBA,Brook Lopez,2022,0.15401480188037858,NBA,5,Kevin Love,0.15823600644279218,Jaren Jackson Jr.,0.1593340630866763,Nikola Vučević,0.15971304621703006,Jerami Grant,0.1614855807018029,/players/l/lopezbr01.html,lopezbr01,/players/l/loveke01.html,loveke01,/players/j/jacksja02.html,jacksja02,/players/v/vucevni01.html,vucevni01,/players/g/grantje01.html,grantje01
Epiphanny Prince,/wnba/players/p/princep01w.html,princep01w,2021,2021,WNBA,Rajon Rondo,2022,0.014751808016106534,NBA,3,Joe Ingles,0.019695441966616475,Garrison Mathews,0.022437545429715336,Marcus Smart,0.022620244314156567,D.J. Augustin,0.023290015706323296,/players/r/rondora01.html,rondora01,/players/i/inglejo01.html,inglejo01,/players/m/mathega01.html,mathega01,/players/s/smartma01.html,smartma01,/players/a/augusdj01.html,augusdj01
Allie Quigley,/wnba/players/q/quiglal01w.html,quiglal01w,2021,2021,WNBA,Payton Pritchard,2022,0.06803134599644979,NBA,7,Kira Lewis Jr.,0.22001505389448026,Jaylen Nowell,0.23086780643102892,Davion Mitchell,0.25024123809106297,Théo Maledon,0.25440607450068276,/players/p/pritcpa01.html,pritcpa01,/players/l/lewiski01.html,lewiski01,/players/n/nowelja01.html,nowelja01,/players/m/mitchda01.html,mitchda01,/players/m/maledth01.html,maledth01
DiDi Richards,/wnba/players/r/richadi01w.html,richadi01w,2021,2021,WNBA,Nassir Little,2022,0.0022452852025395056,NBA,6,Greg Brown III,0.013938481493256017,Grant Williams,0.02589909670995975,Darius Bazley,0.02857310163081133,Thomas Bryant,0.031461512852332695,/players/l/littlna01.html,littlna01,/players/b/browngr01.html,browngr01,/players/w/willigr01.html,willigr01,/players/b/bazleda01.html,bazleda01,/players/b/bryanth01.html,bryanth01
Danielle Robinson,/wnba/players/r/robinda01w.html,robinda01w,2021,2021,WNBA,Facundo Campazzo,2022,0.020569864404447368,NBA,3,Brandon Goodwin,0.04349125170646946,Alex Caruso,0.0733235796068824,Dennis Smith Jr.,0.10791885157156907,Derrick White,0.13371850271033514,/players/c/campafa01.html,campafa01,/players/g/goodwbr01.html,goodwbr01,/players/c/carusal01.html,carusal01,/players/s/smithde03.html,smithde03,/players/w/whitede01.html,whitede01
Mercedes Russell,/wnba/players/r/russeme01w.html,russeme01w,2021,2021,WNBA,Jarrett Allen,2022,0.021030345419907337,NBA,1,Ivica Zubac,0.023453398647972294,Tristan Thompson,0.02768523480064402,Day'Ron Sharpe,0.02803279153191616,Bismack Biyombo,0.03114106609436633,/players/a/allenja01.html,allenja01,/players/z/zubaciv01.html,zubaciv01,/players/t/thomptr01.html,thomptr01,/players/s/sharpda01.html,sharpda01,/players/b/biyombi01.html,biyombi01
Satou Sabally,/wnba/players/s/sabalsa01w.html,sabalsa01w,2021,2021,WNBA,Alperen Şengün,2022,0.011280856842210562,NBA,4,Mike Muscala,0.021464689388969053,Domantas Sabonis,0.023060099204382695,Gary Payton II,0.028822833387189373,Matisse Thybulle,0.02887605719519026,/players/s/sengual01.html,sengual01,/players/m/muscami01.html,muscami01,/players/s/sabondo01.html,sabondo01,/players/p/paytoga02.html,paytoga02,/players/t/thybuma01.html,thybuma01
Katie Lou Samuelson,/wnba/players/s/samueka02w.html,samueka02w,2021,2021,WNBA,Pat Connaughton,2022,0.00428367003274726,NBA,2,Sterling Brown,0.005803375129613838,Rodney McGruder,0.0076126270106668635,Grayson Allen,0.008227299205315806,Dean Wade,0.009573276621305811,/players/c/connapa01.html,connapa01,/players/b/brownst02.html,brownst02,/players/m/mcgruro01.html,mcgruro01,/players/a/allengr01.html,allengr01,/players/w/wadede01.html,wadede01
Jessica Shepard,/wnba/players/s/shepaje01w.html,shepaje01w,2021,2021,WNBA,Draymond Green,2022,8.451218246241755e-7,NBA,4,Myles Turner,2.7511178312448508e-6,Andre Iguodala,4.778350138776811e-5,Al Horford,0.001136810302697086,Thaddeus Young,0.001282612500763263,/players/g/greendr01.html,greendr01,/players/t/turnemy01.html,turnemy01,/players/i/iguodan01.html,iguodan01,/players/h/horfoal01.html,horfoal01,/players/y/youngth01.html,youngth01
Kylee Shook,/wnba/players/s/shookky01w.html,shookky01w,2021,2021,WNBA,Herbert Jones,2022,0.021731685205142015,NBA,6,Obi Toppin,0.1359702730111716,Chimezie Metu,0.13796657643056962,Isaiah Roby,0.14591930419954502,Larry Nance Jr.,0.15588225061066252,/players/j/joneshe01.html,joneshe01,/players/t/toppiob01.html,toppiob01,/players/m/metuch01.html,metuch01,/players/r/robyis01.html,robyis01,/players/n/nancela02.html,nancela02
Odyssey Sims,/wnba/players/s/simsod01w.html,simsod01w,2021,2021,WNBA,Garrison Mathews,2022,0.013075226653967167,NBA,3,D.J. Augustin,0.015361341226078688,Raul Neto,0.015563579014456845,Tre Jones,0.01686783693204386,Kris Dunn,0.019677260499057957,/players/m/mathega01.html,mathega01,/players/a/augusdj01.html,augusdj01,/players/n/netora01.html,netora01,/players/j/jonestr01.html,jonestr01,/players/d/dunnkr01.html,dunnkr01
Azura Stevens,/wnba/players/s/steveaz01w.html,steveaz01w,2021,2021,WNBA,Nassir Little,2022,0.003585433209698388,NBA,6,Greg Brown III,0.012626312641812154,Grant Williams,0.027221921135323388,Darius Bazley,0.027248207644485583,Thomas Bryant,0.03013106089816018,/players/l/littlna01.html,littlna01,/players/b/browngr01.html,browngr01,/players/w/willigr01.html,willigr01,/players/b/bazleda01.html,bazleda01,/players/b/bryanth01.html,bryanth01
Breanna Stewart,/wnba/players/s/stewabr01w.html,stewabr01w,2021,2021,WNBA,Karl-Anthony Towns,2022,0.007858843643945092,NBA,5,Josh Giddey,0.014520619402462921,Brandon Ingram,0.01683643037992093,Anthony Davis,0.016954604603161616,LeBron James,0.017696056735174326,/players/t/townska01.html,townska01,/players/g/giddejo01.html,giddejo01,/players/i/ingrabr01.html,ingrabr01,/players/d/davisan02.html,davisan02,/players/j/jamesle01.html,jamesle01
Brittney Sykes,/wnba/players/s/sykesbr01w.html,sykesbr01w,2021,2021,WNBA,Trendon Watford,2022,0.3670474545479874,NBA,4,P.J. Washington,0.36714452743112247,Killian Tillie,0.36878335370964876,James Johnson,0.3797075321329199,Nicolas Batum,0.39150556139270054,/players/w/watfotr01.html,watfotr01,/players/w/washipj01.html,washipj01,/players/t/tilliki02.html,tilliki02,/players/j/johnsja01.html,johnsja01,/players/b/batumni01.html,batumni01
Stephanie Talbot,/wnba/players/t/talbost01w.html,talbost01w,2021,2021,WNBA,James Johnson,2022,0.10025490732897313,NBA,4,Nicolas Batum,0.10053204080383929,Killian Tillie,0.10360838320439716,P.J. Washington,0.10703839430999985,Jamorko Pickett,0.16759593828748393,/players/j/johnsja01.html,johnsja01,/players/b/batumni01.html,batumni01,/players/t/tilliki02.html,tilliki02,/players/w/washipj01.html,washipj01,/players/p/pickeja01.html,pickeja01
Diana Taurasi,/wnba/players/t/tauradi01w.html,tauradi01w,2021,2021,WNBA,LeBron James,2022,9.154019981920531e-4,NBA,5,Brandon Ingram,0.0030000278146215574,Josh Giddey,0.00973120652642403,Anthony Davis,0.013196439925129531,Karl-Anthony Towns,0.013242731557686876,/players/j/jamesle01.html,jamesle01,/players/i/ingrabr01.html,ingrabr01,/players/g/giddejo01.html,giddejo01,/players/d/davisan02.html,davisan02,/players/t/townska01.html,townska01
Jasmine Thomas,/wnba/players/t/thomaja01w.html,thomaja01w,2021,2021,WNBA,Aaron Holiday,2022,0.0341241433014898,NBA,3,Eric Bledsoe,0.04590812331772036,Monte Morris,0.04862355748651564,Goran Dragić,0.04930555979397905,Keon Johnson,0.049909468583511765,/players/h/holidaa01.html,holidaa01,/players/b/bledser01.html,bledser01,/players/m/morrimo01.html,morrimo01,/players/d/dragigo01.html,dragigo01,/players/j/johnske07.html,johnske07
Kayla Thornton,/wnba/players/t/thornka01w.html,thornka01w,2021,2021,WNBA,Torrey Craig,2022,0.03809315488366101,NBA,6,Romeo Langford,0.053065071623591135,Joshua Primo,0.05474489457283688,Danuel House Jr.,0.08240385114669677,Keldon Johnson,0.0843043342348409,/players/c/craigto01.html,craigto01,/players/l/langfro01.html,langfro01,/players/p/primojo01.html,primojo01,/players/h/houseda01.html,houseda01,/players/j/johnske04.html,johnske04
Kristi Toliver,/wnba/players/t/tolivkr01w.html,tolivkr01w,2021,2021,WNBA,Franz Wagner,2022,0.06214388635563395,NBA,2,Gabe Vincent,0.1649458126074365,Jevon Carter,0.2223198088947467,Austin Reaves,0.2660771874620251,Avery Bradley,0.26821077971711466,/players/w/wagnefr01.html,wagnefr01,/players/v/vincega01.html,vincega01,/players/c/carteje01.html,carteje01,/players/r/reaveau01.html,reaveau01,/players/b/bradlav01.html,bradlav01
Brianna Turner,/wnba/players/t/turnebr01w.html,turnebr01w,2021,2021,WNBA,Steven Adams,2022,6.451442894686659e-7,NBA,1,Robert Williams,7.505041318553175e-7,Jericho Sims,1.211281173475254e-6,Mitchell Robinson,1.2810712595866941e-6,Mason Plumlee,3.026033330369462e-6,/players/a/adamsst01.html,adamsst01,/players/w/williro04.html,williro04,/players/s/simsje01.html,simsje01,/players/r/robinmi01.html,robinmi01,/players/p/plumlma01.html,plumlma01
Courtney Vandersloot,/wnba/players/v/vandeco01w.html,vandeco01w,2021,2021,WNBA,Rajon Rondo,2022,0.010211527240654108,NBA,3,Raul Neto,0.018553572753491475,Cory Joseph,0.019607835720799542,Kyle Lowry,0.020809470454656257,D.J. Augustin,0.02131426125569641,/players/r/rondora01.html,rondora01,/players/n/netora01.html,netora01,/players/j/josepco01.html,josepco01,/players/l/lowryky01.html,lowryky01,/players/a/augusdj01.html,augusdj01
Kia Vaughn,/wnba/players/v/vaughki01w.html,vaughki01w,2021,2021,WNBA,Dejounte Murray,2022,0.021131098928221764,NBA,7,Markelle Fultz,0.04761101338032408,Darius Garland,0.05833231594406043,LaMelo Ball,0.08490783192173992,Cole Anthony,0.08779145082188687,/players/m/murrade01.html,murrade01,/players/f/fultzma01.html,fultzma01,/players/g/garlada01.html,garlada01,/players/b/ballla01.html,ballla01,/players/a/anthoco01.html,anthoco01
Victoria Vivians,/wnba/players/v/viviavi01w.html,viviavi01w,2021,2021,WNBA,Alfonzo McKinnie,2022,0.11161691904364343,NBA,6,Garrett Temple,0.12270723577290334,Rudy Gay,0.1410403460612134,Oshae Brissett,0.16599512061063387,Danuel House Jr.,0.1721448380096718,/players/m/mckinal01.html,mckinal01,/players/t/templga01.html,templga01,/players/g/gayru01.html,gayru01,/players/b/brissos01.html,brissos01,/players/h/houseda01.html,houseda01
Megan Walker,/wnba/players/w/walkeme01w.html,walkeme01w,2021,2021,WNBA,Damion Lee,2022,0.14155972055326008,NBA,2,Austin Rivers,0.17257689663670317,P.J. Tucker,0.18705271467002846,Troy Brown Jr.,0.19430226636658676,Deni Avdija,0.20824197150247545,/players/l/leeda03.html,leeda03,/players/r/riverau01.html,riverau01,/players/t/tuckepj01.html,tuckepj01,/players/b/browntr01.html,browntr01,/players/a/avdijde01.html,avdijde01
Stephanie Watts,/wnba/players/w/wattsst01w.html,wattsst01w,2021,2021,WNBA,P.J. Tucker,2022,0.07770520684730423,NBA,2,Austin Rivers,0.10779403259422762,Damion Lee,0.114512497352122,Patrick Williams,0.16347552506918472,Troy Brown Jr.,0.1643850703226061,/players/t/tuckepj01.html,tuckepj01,/players/r/riverau01.html,riverau01,/players/l/leeda03.html,leeda03,/players/w/willipa01.html,willipa01,/players/b/browntr01.html,browntr01
Erica Wheeler,/wnba/players/w/wheeler01w.html,wheeler01w,2021,2021,WNBA,Fred VanVleet,2022,0.014032833920855319,NBA,7,Brandon Williams,0.026159589405695127,Anfernee Simons,0.035533521624520864,Bones Hyland,0.03833425420816343,Jordan Poole,0.054075087350379254,/players/v/vanvlfr01.html,vanvlfr01,/players/w/willibr03.html,willibr03,/players/s/simonan01.html,simonan01,/players/h/hylanbo01.html,hylanbo01,/players/p/poolejo01.html,poolejo01
Sami Whitcomb,/wnba/players/w/whitcsa01w.html,whitcsa01w,2021,2021,WNBA,Saddiq Bey,2022,0.1581351669197123,NBA,7,Jalen Green,0.1939667250572784,Cedi Osman,0.19510698929649747,Luguentz Dort,0.20182099153935631,Eric Gordon,0.20812705180740687,/players/b/beysa01.html,beysa01,/players/g/greenja05.html,greenja05,/players/o/osmande01.html,osmande01,/players/d/dortlu01.html,dortlu01,/players/g/gordoer01.html,gordoer01
Sydney Wiese,/wnba/players/w/wiesesy01w.html,wiesesy01w,2021,2021,WNBA,Alfonzo McKinnie,2022,0.17197199659957804,NBA,6,Garrett Temple,0.212332235464775,Taurean Prince,0.21297271868122813,Stanley Johnson,0.21775338093650037,Mikal Bridges,0.22539588419343531,/players/m/mckinal01.html,mckinal01,/players/t/templga01.html,templga01,/players/p/princta02.html,princta02,/players/j/johnsst04.html,johnsst04,/players/b/bridgmi01.html,bridgmi01
Courtney Williams,/wnba/players/w/willico01w.html,willico01w,2021,2021,WNBA,Luka Dončić,2022,4.151407827834088e-5,NBA,5,Kristaps Porziņģis,1.342889584815405e-4,Kevin Durant,1.5778685278031775e-4,Nikola Jokić,1.6364835695563846e-4,Giannis Antetokounmpo,1.637394435596572e-4,/players/d/doncilu01.html,doncilu01,/players/p/porzikr01.html,porzikr01,/players/d/duranke01.html,duranke01,/players/j/jokicni01.html,jokicni01,/players/a/antetgi01.html,antetgi01
Elizabeth Williams,/wnba/players/w/williel01w.html,williel01w,2021,2021,WNBA,Andre Drummond,2022,2.7469688604273538e-6,NBA,1,Mason Plumlee,4.247276108022946e-6,Rudy Gobert,5.076373305387557e-6,Steven Adams,6.520289190806767e-6,Robert Williams,6.719104513589588e-6,/players/d/drumman01.html,drumman01,/players/p/plumlma01.html,plumlma01,/players/g/goberru01.html,goberru01,/players/a/adamsst01.html,adamsst01,/players/w/williro04.html,williro04
Riquna Williams,/wnba/players/w/williri02w.html,williri02w,2021,2021,WNBA,Amir Coffey,2022,0.04901808661824363,NBA,2,Austin Reaves,0.07387687475049498,Justin Anderson,0.1046199699553433,Kevin Huerter,0.12349671129822798,Keifer Sykes,0.12759909874511252,/players/c/coffeam01.html,coffeam01,/players/r/reaveau01.html,reaveau01,/players/a/anderju01.html,anderju01,/players/h/huertke01.html,huertke01,/players/s/sykeske01.html,sykeske01
A'ja Wilson,/wnba/players/w/wilsoa01w.html,wilsoa01w,2021,2021,WNBA,Bam Adebayo,2022,0.2406314079985046,NBA,1,Evan Mobley,0.32422367561156373,Isaiah Stewart,0.3782799724800864,Dwight Powell,0.3786254335910968,Richaun Holmes,0.3815703000821503,/players/a/adebaba01.html,adebaba01,/players/m/mobleev01.html,mobleev01,/players/s/stewais01.html,stewais01,/players/p/poweldw01.html,poweldw01,/players/h/holmeri01.html,holmeri01
Jackie Young,/wnba/players/y/youngja01w.html,youngja01w,2021,2021,WNBA,Jalen Brunson,2022,0.009633738568491944,NBA,7,CJ McCollum,0.009808189919169421,Kyrie Irving,0.01184830538716224,De'Aaron Fox,0.01443816150496712,Ja Morant,0.014769020252626632,/players/b/brunsja01.html,brunsja01,/players/m/mccolcj01.html,mccolcj01,/players/i/irvinky01.html,irvinky01,/players/f/foxde01.html,foxde01,/players/m/moranja01.html,moranja01
Amanda Zahui B.,/wnba/players/z/zahuiam01w.html,zahuiam01w,2021,2021,WNBA,Goga Bitadze,2022,0.0581361720965943,NBA,4,Danny Green,0.06212713823497715,Wendell Carter Jr.,0.06455556829757456,Otto Porter Jr.,0.08646387676379864,Maxi Kleber,0.09134179212697377,/players/b/bitadgo01.html,bitadgo01,/players/g/greenda02.html,greenda02,/players/c/cartewe01.html,cartewe01,/players/p/porteot01.html,porteot01,/players/k/klebima01.html,klebima01
Shavonte Zellous,/wnba/players/z/zellosh01w.html,zellosh01w,2021,2021,WNBA,Kenrich Williams,2022,0.11285209276763078,NBA,2,John Konchar,0.12347263932087979,Justin Anderson,0.1398470277000302,Furkan Korkmaz,0.1489487999003999,Quentin Grimes,0.1666442873653207,/players/w/willike04.html,willike04,/players/k/konchjo01.html,konchjo01,/players/a/anderju01.html,anderju01,/players/k/korkmfu01.html,korkmfu01,/players/g/grimequ01.html,grimequ01
Candice Dupree,/wnba/players/d/dupreca01w.html,dupreca01w,2021,2021,WNBA,Bradley Beal,2022,0.0016357448959117647,NBA,7,Jimmy Butler,0.0036086870396685186,Zach LaVine,0.003975103645853114,Tyler Herro,0.007276819279647921,De'Aaron Fox,0.010607831156296314,/players/b/bealbr01.html,bealbr01,/players/b/butleji01.html,butleji01,/players/l/lavinza01.html,lavinza01,/players/h/herroty01.html,herroty01,/players/f/foxde01.html,foxde01
Bria Holmes,/wnba/players/h/holmebr01w.html,holmebr01w,2021,2021,WNBA,Josh Green,2022,0.04489217713936746,NBA,6,Larry Nance Jr.,0.07534586298819859,Scottie Barnes,0.07866790307830752,JaMychal Green,0.08359282586155432,Obi Toppin,0.0838361337123089,/players/g/greenjo02.html,greenjo02,/players/n/nancela02.html,nancela02,/players/b/barnesc01.html,barnesc01,/players/g/greenja01.html,greenja01,/players/t/toppiob01.html,toppiob01
Karlie Samuelson,/wnba/players/s/samueka01w.html,samueka01w,2021,2021,WNBA,Blake Griffin,2022,0.3397329666293279,NBA,4,Jae'Sean Tate,0.3609867821956106,Nicolas Batum,0.3937458427793769,Jae Crowder,0.40814968829903686,Otto Porter Jr.,0.41987494563609357,/players/g/griffbl01.html,griffbl01,/players/t/tateja01.html,tateja01,/players/b/batumni01.html,batumni01,/players/c/crowdja01.html,crowdja01,/players/p/porteot01.html,porteot01
Layshia Clarendon,/wnba/players/c/clarela01w.html,clarela01w,2021,2021,WNBA,Tim Frazier,2022,0.001327537724128357,NBA,3,T.J. McConnell,0.0017102169211326887,Kris Dunn,0.005229388079704374,Raul Neto,0.010222320858808512,D.J. Augustin,0.01056159451566925,/players/f/fraziti01.html,fraziti01,/players/m/mccontj01.html,mccontj01,/players/d/dunnkr01.html,dunnkr01,/players/n/netora01.html,netora01,/players/a/augusdj01.html,augusdj01
Shatori Walker-Kimbrough,/wnba/players/w/walkesh01w.html,walkesh01w,2021,2021,WNBA,Jeremy Lamb,2022,0.02562000798084514,NBA,6,Danilo Gallinari,0.03724015427375138,Lamar Stevens,0.03824843915847154,Jalen McDaniels,0.04103340914140324,David Duke Jr.,0.04421119149594995,/players/l/lambje01.html,lambje01,/players/g/gallida01.html,gallida01,/players/s/stevela01.html,stevela01,/players/m/mcdanja01.html,mcdanja01,/players/d/dukeda01.html,dukeda01
Kristine Anigwe,/wnba/players/a/anigwkr01w.html,anigwkr01w,2021,2021,WNBA,Clint Capela,2022,2.279165872853412e-4,NBA,1,Onyeka Okongwu,9.22394637648008e-4,Cody Zeller,0.0010612873760702474,Daniel Gafford,0.0012966612694117067,Jarred Vanderbilt,0.0016651843658734384,/players/c/capelca01.html,capelca01,/players/o/okongon01.html,okongon01,/players/z/zelleco01.html,zelleco01,/players/g/gaffoda01.html,gaffoda01,/players/v/vandeja01.html,vandeja01
Emma Cannon,/wnba/players/c/cannoem01w.html,cannoem01w,2021,2021,WNBA,Trey Lyles,2022,0.0026833463787509903,NBA,6,Javonte Green,0.005643484439853614,Kenyon Martin Jr.,0.005949399990784824,Wenyen Gabriel,0.0060696104444405985,Precious Achiuwa,0.006766851482866804,/players/l/lylestr01.html,lylestr01,/players/g/greenja02.html,greenja02,/players/m/martike04.html,martike04,/players/g/gabriwe01.html,gabriwe01,/players/a/achiupr01.html,achiupr01
Kiah Stokes,/wnba/players/s/stokeki01w.html,stokeki01w,2021,2021,WNBA,Mitchell Robinson,2022,1.4270682372068602e-7,NBA,1,Jericho Sims,2.124970227685547e-7,Robert Williams,6.972196644678322e-7,Steven Adams,9.333824152743884e-7,Mason Plumlee,4.119036661474847e-6,/players/r/robinmi01.html,robinmi01,/players/s/simsje01.html,simsje01,/players/w/williro04.html,williro04,/players/a/adamsst01.html,adamsst01,/players/p/plumlma01.html,plumlma01
Lauren Cox,/wnba/players/c/coxla01w.html,coxla01w,2021,2021,WNBA,Trendon Watford,2022,0.11291601193656872,NBA,6,Jalen Smith,0.32046492527653786,P.J. Washington,0.3334076968356642,Killian Tillie,0.33754331701261625,James Johnson,0.3579323626068802,/players/w/watfotr01.html,watfotr01,/players/s/smithja04.html,smithja04,/players/w/washipj01.html,washipj01,/players/t/tilliki02.html,tilliki02,/players/j/johnsja01.html,johnsja01
